date,is_rd,amount,vendor,quarter,bas_label,is_locked,gst_amount,description,personal_pct,classification_status
2025-07-01,True,0.26,Google,Q1 FY25-26,G3,False,0,GOOGLE*CLOUD WV9WFH GOO CC GOOGLE.COM,0,auto_bas_fy2526
2025-07-01,False,0.26,,Q1 FY25-26,G3,False,0,GOOGLE*CLOUD WV9WFH GOO CC GOOGLE.COM,0,classified
2025-07-01,False,12.94,,Q1 FY25-26,G11,False,1.18,GOOGLE*GSUITE TECH4HUMA CC GOOGLE.COM,0,classified
2025-07-01,True,0.1,Google,Q1 FY25-26,G3,False,0,GOOGLE*CLOUD BZ3XW7 GOO CC GOOGLE.COM,0,auto_bas_fy2526
2025-07-01,False,23.99,Spotify,Q1 FY25-26,G14,False,0,SPOTIFY SYDNEY,0,auto_bas_fy2526
2025-07-01,False,0.17,,Q1 FY25-26,G3,False,0,GOOGLE*CLOUD NX8Z67 GOO CC GOOGLE.COM,0,classified
2025-07-01,True,0.17,Google,Q1 FY25-26,G3,False,0,GOOGLE*CLOUD NX8Z67 GOO CC GOOGLE.COM,0,auto_bas_fy2526
2025-07-01,False,0.1,,Q1 FY25-26,G3,False,0,GOOGLE*CLOUD BZ3XW7 GOO CC GOOGLE.COM,0,classified
2025-07-01,True,12.94,Google,Q1 FY25-26,G3,False,0,GOOGLE*GSUITE TECH4HUMA CC GOOGLE.COM,0,auto_bas_fy2526
2025-07-01,False,23.99,,Q1 FY25-26,G14,False,0,SPOTIFY,0,classified
2025-07-02,True,21.57,AWS,Q1 FY25-26,G3,False,0,AMAZON WEB SERVICES SYDNEY,0,auto_bas_fy2526
2025-07-02,False,21.57,,Q1 FY25-26,G11,False,1.96,AMAZON WEB SERVICES,0,rdti
2025-07-04,False,40,Naked Wines,Q1 FY25-26,G14,False,0,NAKED WINES MANLY Manly,0,auto_bas_fy2526
2025-07-04,False,40,,Q1 FY25-26,G3,False,0,NAKED WINES MANLY              Manly,0,classified
2025-07-05,False,101.54,E-Toll,Q1 FY25-26,G3,False,0,E-TOLL PAYMENT PARRAMATTA,0,auto_bas_fy2526
2025-07-05,False,101.54,,Q1 FY25-26,G11,False,9.23,E-TOLL PAYMENT,0,classified
2025-07-06,False,116.15,Pet Insurance,Q1 FY25-26,G3,False,0,PET INSURANCE CHATSWOOD CHATSWOOD,0,auto_bas_fy2526
2025-07-06,False,116.15,,Q1 FY25-26,G3,False,0,PET INSURANCE CHATSWOOD CHATSWOOD,0,classified
2025-07-06,False,79,Amazon Prime,Q1 FY25-26,G3,False,0,AMZNPRIMEAU MEMBERSHIP SYDNEY SOUTH,0,auto_bas_fy2526
2025-07-06,False,20.99,,Q1 FY25-26,G14,False,0,DISNEY+ DISNEY+,0,classified
2025-07-06,False,20.99,Disney+,Q1 FY25-26,G14,False,0,DISNEY+ DISNEY+ AUSTRALIA,0,auto_bas_fy2526
2025-07-06,False,79,,Q1 FY25-26,G14,False,0,AMZNPRIMEAU MEMBERSHIP SYDNEY SOUTH,0,classified
2025-07-07,True,25,xAI LLC,Q1 FY25-26,G3,False,0,xAI LLC (Grok) subscription,0,auto_bas_fy2526
2025-07-09,False,30.05,,Q1 FY25-26,G3,False,0,MIGADU.COM EMAIL SRVC. SCHACHEN B. REU                      ,0,classified
2025-07-09,False,30.05,Migadu,Q1 FY25-26,G14,False,0,MIGADU.COM EMAIL SRVC. SCHACHEN B. REU 19.00,0,auto_bas_fy2526
2025-07-12,False,78.69,,Q1 FY25-26,G11,False,7.15,UBER EATS             HELP.UBER.COM,0,classified
2025-07-12,False,78.69,Uber Eats,Q1 FY25-26,G3,False,0,UBER EATS HELP.UBER.COM,0,auto_bas_fy2526
2025-07-12,False,164.39,Uber Eats,Q1 FY25-26,G3,False,0,UBER EATS HELP.UBER.COM,0,auto_bas_fy2526
2025-07-12,True,14.99,Apple,Q1 FY25-26,G3,False,0,APPLE.COM/BILL SYDNEY,0,auto_bas_fy2526
2025-07-12,False,164.39,,Q1 FY25-26,G11,False,14.94,UBER EATS             HELP.UBER.COM,0,classified
2025-07-12,False,14.99,,Q1 FY25-26,G14,False,0,APPLE.COM/BILL,0,classified
2025-07-13,False,37.98,,Q1 FY25-26,G14,False,0,APPLE.COM/BILL,0,classified
2025-07-13,False,133,,Q1 FY25-26,G11,False,12.09,OPTUS MERCHANT Optus Me MACQUARIE PARK,0,classified
2025-07-13,False,133,Optus,Q1 FY25-26,G14,True,0,OPTUS MERCHANT Optus Me MACQUARIE PARK,0.2,manual_reclass_20260322
2025-07-13,True,37.98,Apple,Q1 FY25-26,G3,False,0,APPLE.COM/BILL SYDNEY,0,auto_bas_fy2526
2025-07-14,True,10.99,Apple,Q1 FY25-26,G3,False,0,APPLE.COM/BILL SYDNEY,0,auto_bas_fy2526
2025-07-14,False,10.99,,Q1 FY25-26,G14,False,0,APPLE.COM/BILL,0,classified
2025-07-14,False,10.99,,Q1 FY25-26,G14,False,0,PRIME VIDEO CHANNELS SYDNEY,0,classified
2025-07-15,False,101.54,,Q1 FY25-26,G11,False,9.23,E-TOLL PAYMENT,0,classified
2025-07-15,False,101.54,E-Toll,Q1 FY25-26,G3,False,0,E-TOLL PAYMENT PARRAMATTA,0,auto_bas_fy2526
2025-07-17,False,51.07,,Q1 FY25-26,G3,False,0,BUBBLE STARTER PLAN         NEW YORK                        ,0,classified
2025-07-17,True,51.07,Bubble,Q1 FY25-26,G3,False,0,BUBBLE STARTER PLAN NEW YORK 32.00,0,auto_bas_fy2526
2025-07-22,False,11.99,,Q1 FY25-26,G3,False,0,INTEREST CHARGE,0,classified
2025-07-22,False,11.99,Amex,Q1 FY25-26,G14,False,0,INTEREST CHARGE,0,auto_bas_fy2526
2025-07-23,False,73.69,,Q1 FY25-26,G3,False,0,SMYLE 580400000050229 THOUSAND OAKS                         ,0,classified
2025-07-23,False,18.99,Netflix,Q1 FY25-26,G14,False,0,NETFLIX.COM MELBOURNE,0,auto_bas_fy2526
2025-07-23,False,18.99,,Q1 FY25-26,G14,False,0,NETFLIX.COM,0,classified
2025-07-23,False,73.69,Smyle,Q1 FY25-26,G14,False,0,SMYLE 580400000050229 THOUSAND OAKS 46.98,0,classified
2025-07-24,False,101.54,E-Toll,Q1 FY25-26,G3,False,0,E-TOLL PAYMENT PARRAMATTA,0,auto_bas_fy2526
2025-07-24,True,25,Lovable,Q1 FY25-26,G3,False,0,Lovable Labs subscription,0,auto_bas_fy2526
2025-07-24,False,101.54,,Q1 FY25-26,G11,False,9.23,E-TOLL PAYMENT,0,classified
2025-07-25,False,45.38,Amazon AU,Q1 FY25-26,G3,False,0,AMAZON MARKETPLACE AU SYDNEY SOUTH,0,auto_bas_fy2526
2025-07-25,False,45.38,,Q1 FY25-26,G3,False,0,AMAZON MARKETPLACE AU SYDNEY SOUTH,0,manual_reclass_20260322
2025-07-25,False,10.99,,Q1 FY25-26,G3,False,0,AMAZON MARKETPLACE AU SYDNEY SOUTH,0,classified
2025-07-25,False,10.99,Amazon AU,Q1 FY25-26,G3,False,0,AMAZON MARKETPLACE AU SYDNEY SOUTH,0,auto_bas_fy2526
2025-07-27,True,25,Lovable,Q1 FY25-26,G3,False,0,Lovable Labs subscription,0,auto_bas_fy2526
2025-07-28,False,41.24,LinkedIn,Q1 FY25-26,G3,False,0,LINKEDINPREA *27495834 SYDNEY NSW,0,auto_bas_fy2526
2025-07-28,False,193.27,Airbnb,Q1 FY25-26,G14,True,0,AIRBNB * HMYJ4JYW3P LONDON,0,manual_reclass_20260322
2025-07-28,False,193.27,,Q1 FY25-26,G3,True,0,AIRBNB * HMYJ4JYW3P,0,manual_reclass_20260322
2025-07-28,False,41.24,,Q1 FY25-26,G14,False,0,LINKEDINPREA *27495834 SYDNEY NSW,0,classified
2025-07-29,False,129.99,,Q1 FY25-26,G11,False,11.82,UBER EATS              HELP.UBER.COM,0,classified
2025-07-29,False,129.99,Uber Eats,Q1 FY25-26,G3,False,0,UBER EATS HELP.UBER.COM,0,auto_bas_fy2526
2025-07-31,True,21.98,Apple,Q1 FY25-26,G3,False,0,APPLE.COM/BILL SYDNEY,0,auto_bas_fy2526
2025-07-31,False,21.98,,Q1 FY25-26,G14,False,0,APPLE.COM/BILL,0,classified
2025-08-01,False,0.17,,Q1 FY25-26,G3,False,0,GOOGLE*CLOUD BHDJQR,0,classified
2025-08-01,True,0.17,Google,Q1 FY25-26,G3,False,0,GOOGLE*CLOUD BHDJQR PYRMONT,0,auto_bas_fy2526
2025-08-01,False,-30,,Q1 FY25-26,G3,False,0,EFTPOS PAYPAL *YOURTOWN SYDNEY AU,0,classified
2025-08-01,True,0.14,Google,Q1 FY25-26,G3,False,0,GOOGLE*CLOUD HTGGXP GOO CC GOOGLE.COM,0,auto_bas_fy2526
2025-08-01,False,101.54,,Q1 FY25-26,G11,False,9.23,E-TOLL PAYMENT,0,classified
2025-08-01,False,0.14,,Q1 FY25-26,G3,False,0,GOOGLE*CLOUD HTGGXP GOO CC GOOGLE.COM,0,classified
2025-08-01,False,23.99,,Q1 FY25-26,G14,False,0,SPOTIFY,0,classified
2025-08-01,False,-32.06,,Q1 FY25-26,G14,False,0,VISA DEBIT PURCHASE CARD 2794 OPENAI *CHATGPT SUBSCR OPENAI.,0,rdti
2025-08-01,False,0.28,,Q1 FY25-26,G3,False,0,GOOGLE*CLOUD JNXVCW,0,classified
2025-08-01,False,12.49,,Q1 FY25-26,G11,False,1.14,GOOGLE*GSUITE TECH4HUMA CC GOOGLE.COM,0,classified
2025-08-01,False,23.99,Spotify,Q1 FY25-26,G14,False,0,SPOTIFY SYDNEY,0,auto_bas_fy2526
2025-08-01,True,0.28,Google,Q1 FY25-26,G3,False,0,GOOGLE*CLOUD JNXVCW PYRMONT,0,auto_bas_fy2526
2025-08-01,True,12.49,Google,Q1 FY25-26,G3,False,0,GOOGLE*GSUITE TECH4HUMA CC GOOGLE.COM,0,auto_bas_fy2526
2025-08-01,False,101.54,E-Toll,Q1 FY25-26,G3,False,0,E-TOLL PAYMENT PARRAMATTA,0,auto_bas_fy2526
2025-08-02,False,21.49,,Q1 FY25-26,G11,False,1.95,AMAZON WEB SERVICES,0,rdti
2025-08-02,False,83.99,Amazon AU,Q1 FY25-26,G3,False,0,AMAZON MARKETPLACE AU SYDNEY SOUTH,0,auto_bas_fy2526
2025-08-02,False,83.99,,Q1 FY25-26,G3,False,0,AMAZON MARKETPLACE AU SYDNEY SOUTH,0,manual_reclass_20260322
2025-08-02,True,21.49,AWS,Q1 FY25-26,G3,False,0,AMAZON WEB SERVICES SYDNEY,0,auto_bas_fy2526
2025-08-03,True,25,Lovable,Q1 FY25-26,G3,False,0,Lovable Labs subscription,0,auto_bas_fy2526
2025-08-04,False,40,,Q1 FY25-26,G3,False,0,NAKED WINES MANLY       Manly,0,classified
2025-08-04,False,-8.83,,Q1 FY25-26,G14,False,0,VISA DEBIT PURCHASE CARD 2794 ELEVENLABS.IO ELEVENLABS.IO 5.,0,rdti
2025-08-04,False,-49,,Q1 FY25-26,G3,False,0,VISA DEBIT PURCHASE CARD 2794 KMART 1371 MIRANDA,0,classified
2025-08-04,False,40,Naked Wines,Q1 FY25-26,G14,False,0,NAKED WINES MANLY Manly,0,auto_bas_fy2526
2025-08-04,False,-45.65,,Q1 FY25-26,G3,False,0,VISA DEBIT PURCHASE CARD 2794 THE LOCKER ROOM SYDNEY OLYMPI,0,classified
2025-08-04,False,-52.99,,Q1 FY25-26,G3,False,0,VISA DEBIT PURCHASE CARD 2794 DAN MURPHY'S/28-38 FLORA KIRRA,0,classified
2025-08-04,False,-29.45,,Q1 FY25-26,G3,False,0,VISA DEBIT PURCHASE CARD 2794 WOOLWORTHS/LOT 28-38 FLOR KIRR,0,classified
2025-08-04,False,-10,,Q1 FY25-26,G3,False,0,VISA DEBIT PURCHASE CARD 2794 SALVATION ARMY NSW BLACKBURN,0,classified
2025-08-05,False,101.54,,Q1 FY25-26,G11,False,9.23,E-TOLL PAYMENT,0,classified
2025-08-05,False,101.54,E-Toll,Q1 FY25-26,G3,False,0,E-TOLL PAYMENT PARRAMATTA,0,auto_bas_fy2526
2025-08-05,False,24.3,,Q1 FY25-26,G3,False,0,AMAZON AU,0,manual_reclass_20260322
2025-08-05,False,-40.13,,Q1 FY25-26,G14,False,0,VISA DEBIT PURCHASE CARD 2794 LOVABLE LOVABLE.DEV 25.00 USD ,0,rdti
2025-08-05,False,2500,,Q1 FY25-26,G3,False,0,ANZ M-BANKING FUNDS TFER TRANSFER 321357 FROM 264796495,0,classified
2025-08-05,False,24.3,Amazon AU,Q1 FY25-26,G3,False,0,AMAZON AU SYDNEY SOUTH,0,auto_bas_fy2526
2025-08-06,False,-26.26,,Q1 FY25-26,G3,False,0,VISA DEBIT PURCHASE CARD 2794 MIX PIZZA BAR KIRRAWEE,0,classified
2025-08-06,False,-49.3,,Q1 FY25-26,G3,False,0,VISA DEBIT PURCHASE CARD 2794 ACCOR STADIUM SYDNEY OLYMPI,0,classified
2025-08-06,False,-56.9,,Q1 FY25-26,G3,False,0,VISA DEBIT PURCHASE CARD 2794 ACCOR STADIUM SYDNEY OLYMPI,0,classified
2025-08-06,False,116.15,,Q1 FY25-26,G3,False,0,PET INSURANCE CHATSWOOD CHATSWOOD,0,classified
2025-08-06,False,20.99,Disney+,Q1 FY25-26,G14,False,0,DISNEY+ DISNEY+ AUSTRALIA,0,auto_bas_fy2526
2025-08-06,False,-77.14,,Q1 FY25-26,G11,True,7.01,VISA DEBIT PURCHASE CARD 2794 BUNNINGS 724000 KIRRAWEE,0.5,manual_reclass_20260322
2025-08-06,False,116.15,Pet Insurance,Q1 FY25-26,G3,False,0,PET INSURANCE CHATSWOOD CHATSWOOD,0,auto_bas_fy2526
2025-08-06,False,20.99,,Q1 FY25-26,G14,False,0,DISNEY+ DISNEY+,0,classified
2025-08-07,False,-20.35,,Q1 FY25-26,G3,False,0,VISA DEBIT PURCHASE CARD 2794 MCDONALDS TAREN POIN TAREN POI,0,classified
2025-08-07,True,25,xAI LLC,Q1 FY25-26,G3,False,0,xAI LLC (Grok) subscription,0,auto_bas_fy2526
2025-08-08,False,-36.48,,Q1 FY25-26,G3,False,0,VISA DEBIT PURCHASE CARD 2794 TEMU.COM PARRAMATTA,0,classified
2025-08-08,False,1500,American Express,Q1 FY25-26,G14,False,0,BPAY PAYMENT-THANK YOU REC # 6307102253,0,classified
2025-08-08,False,-79,,Q1 FY25-26,G3,False,0,VISA DEBIT PURCHASE CARD 2794 WWW.JOBLEADS.COM MEMBERSH HAMB,0,classified
2025-08-08,False,-31.9,,Q1 FY25-26,G11,False,2.9,VISA DEBIT PURCHASE CARD 2794 RESEND RESEND.COM 20.00 USD IN,0,rdti
2025-08-11,False,-1500,,Q1 FY25-26,G11,False,136.36,ANZ INTERNET BANKING BPAY AMERICAN EXPRESS {893722},0,classified
2025-08-11,False,-47.63,,Q1 FY25-26,G14,False,0,VISA DEBIT PURCHASE CARD 2794 XAI LLC X.AI/ABOUT 30.00 USD I,0,rdti
2025-08-11,False,-12.2,,Q1 FY25-26,G11,True,1.11,VISA DEBIT PURCHASE CARD 2794 BUNNINGS 724000 KIRRAWEE,0.5,manual_reclass_20260322
2025-08-11,False,-50,,Q1 FY25-26,G14,False,0,VISA DEBIT PURCHASE CARD 2794 FRESHBOOKS 866-303-6061,0,rdti
2025-08-11,True,25,Lovable,Q1 FY25-26,G3,False,0,Lovable Labs subscription,0,auto_bas_fy2526
2025-08-11,False,1500,American Express,Q1 FY25-26,G14,False,0,BPAY PAYMENT-THANK YOU REC # 8937221172,0,classified
2025-08-11,False,-60.96,,Q1 FY25-26,G3,False,0,VISA DEBIT PURCHASE CARD 2794 COLES 5588 KIRRAWEE,0,classified
2025-08-11,False,-418,,Q1 FY25-26,G13,True,0,VISA DEBIT PURCHASE CARD 2794 BUNNINGS 724000 KIRRAWEE,0,manual_reclass_20260322
2025-08-11,False,-1000,,Q1 FY25-26,G11,False,90.91,ANZ INTERNET BANKING BPAY ENGIE {887574},0,classified
2025-08-12,False,14.99,,Q1 FY25-26,G14,False,0,APPLE.COM/BILL,0,classified
2025-08-12,False,-330,,Q1 FY25-26,G11,True,30,VISA DEBIT PURCHASE CARD 2794 SQSP* WEBSIT#193721008 SQUARES,0,manual_reclass_20260322
2025-08-12,False,17.77,,Q1 FY25-26,G3,False,0,AMAZON AU,0,classified
2025-08-12,False,101.54,E-Toll,Q1 FY25-26,G3,False,0,E-TOLL PAYMENT PARRAMATTA,0,auto_bas_fy2526
2025-08-12,False,-188.48,,Q1 FY25-26,G11,False,17.13,"VISA DEBIT PURCHASE CARD 2794 OCTOPUS DATA, INC 6266366836 1",0,rdti
2025-08-12,False,101.54,,Q1 FY25-26,G11,False,9.23,E-TOLL PAYMENT,0,classified
2025-08-12,True,14.99,Apple,Q1 FY25-26,G3,False,0,APPLE.COM/BILL SYDNEY,0,auto_bas_fy2526
2025-08-12,False,17.77,Amazon AU,Q1 FY25-26,G3,False,0,AMAZON AU SYDNEY SOUTH,0,auto_bas_fy2526
2025-08-13,False,500,,Q1 FY25-26,G3,False,0,ANZ M-BANKING FUNDS TFER TRANSFER 958907 FROM 264796495,0,classified
2025-08-13,False,-294.79,,Q1 FY25-26,G14,False,0,VISA DEBIT PURCHASE CARD 2794 LOVABLE LOVABLE.DEV 186.00 USD,0,rdti
2025-08-13,False,48.97,,Q1 FY25-26,G14,False,0,APPLE.COM/BILL,0,classified
2025-08-13,False,203.52,Optus,Q1 FY25-26,G14,True,0,OPTUS MERCHANT Optus Me MACQUARIE PARK,0.2,manual_reclass_20260322
2025-08-13,False,-16.09,,Q1 FY25-26,G3,False,0,VISA DEBIT PURCHASE CARD 2794 COLES 5588 KIRRAWEE,0,classified
2025-08-13,False,-91.22,,Q1 FY25-26,G14,False,0,VISA DEBIT PURCHASE CARD 2794 SP OMNIMAX LABS OMNIMAXLABS.C ,0,classified
2025-08-13,False,5000,,Q1 FY25-26,G3,False,0,TRANSFER FROM A J LATTER LOAN 2,0,classified
2025-08-13,False,203.52,,Q1 FY25-26,G11,False,18.5,OPTUS MERCHANT Optus Me MACQUARIE PARK,0,classified
2025-08-13,True,48.97,Apple,Q1 FY25-26,G3,False,0,APPLE.COM/BILL SYDNEY,0,auto_bas_fy2526
2025-08-14,False,-154.55,,Q1 FY25-26,G3,False,0,VISA DEBIT PURCHASE CARD 2794 ALDI STORES KIRRAWEE DC,0,classified
2025-08-14,False,-23,,Q1 FY25-26,G3,False,0,VISA DEBIT PURCHASE CARD 2794 SMGB GOULBURN GOULBURN,0,classified
2025-08-14,False,-22.06,,Q1 FY25-26,G3,False,0,VISA DEBIT PURCHASE CARD 2794 BLUE MARLIN SUTHERLAN SUTHERLA,0,classified
2025-08-14,False,-69.95,,Q1 FY25-26,G14,False,0,VISA DEBIT PURCHASE CARD 2794 DEAL.AI INC. DEAL.AI 44.00 USD,0,rdti
2025-08-14,False,5000,,Q1 FY25-26,G3,False,0,TRANSFER FROM A J LATTER LOAN 3,0,classified
2025-08-14,False,-14,,Q1 FY25-26,G3,False,0,VISA DEBIT PURCHASE CARD 2794 FREWENI TAKELE CANBERRA,0,classified
2025-08-14,False,-97.56,,Q1 FY25-26,G3,False,0,VISA DEBIT PURCHASE CARD 2794 7-ELEVEN 2238 SUTHERLAND,0,classified
2025-08-15,False,-93.15,,Q1 FY25-26,G3,False,0,ANZ INTERNET BANKING FUNDS TFER TRANSFER 123887 TO 012955264,0,classified
2025-08-15,True,25,Lovable,Q1 FY25-26,G3,False,0,Lovable Labs subscription,0,auto_bas_fy2526
2025-08-17,False,50.69,,Q1 FY25-26,G3,False,0,BUBBLE STARTER PLAN            NEW YORK                     ,0,classified
2025-08-17,True,50.69,Bubble,Q1 FY25-26,G3,False,0,BUBBLE STARTER PLAN NEW YORK 32.00,0,auto_bas_fy2526
2025-08-18,False,-31.95,,Q1 FY25-26,G3,False,0,VISA DEBIT PURCHASE CARD 2794 S FARAG & M KAOUTARA KIRRAWEE,0,classified
2025-08-18,False,-93.35,,Q1 FY25-26,G3,False,0,VISA DEBIT PURCHASE CARD 2794 MIRANDA PHARMACY MIRANDA,0,classified
2025-08-18,False,-357.47,,Q1 FY25-26,G14,False,0,VISA DEBIT PURCHASE CARD 2794 LOVABLE LOVABLE.DEV 225.00 USD,0,rdti
2025-08-18,False,-1,,Q1 FY25-26,G3,False,0,VISA DEBIT PURCHASE CARD 2794 SHIRE COMPOUNDING CH MIRANDA,0,classified
2025-08-19,False,101.54,E-Toll,Q1 FY25-26,G3,False,0,E-TOLL PAYMENT PARRAMATTA,0,auto_bas_fy2526
2025-08-19,False,101.54,,Q1 FY25-26,G11,False,9.23,E-TOLL PAYMENT,0,classified
2025-08-20,False,-50.26,,Q1 FY25-26,G3,False,0,VISA DEBIT PURCHASE CARD 2794 ALDI STORES KIRRAWEE DC,0,classified
2025-08-21,True,-211.84,,Q1 FY25-26,G3,False,0,VISA DEBIT PURCHASE CARD 2794 CANDOR MEDICAL QLD,0,manual_reclass_20260323
2025-08-22,False,30,Amex,Q1 FY25-26,G14,False,0,CHARGE FOR OVERDUE PAYMENT,0,auto_bas_fy2526
2025-08-22,False,30,,Q1 FY25-26,G3,False,0,CHARGE FOR OVERDUE PAYMENT,0,classified
2025-08-22,False,4.73,,Q1 FY25-26,G3,False,0,INTEREST CHARGE,0,classified
2025-08-22,False,4.73,Amex,Q1 FY25-26,G14,False,0,INTEREST CHARGE,0,auto_bas_fy2526
2025-08-23,False,18.99,Netflix,Q1 FY25-26,G14,False,0,NETFLIX AUSTRALIA PTY L MELBOURNE,0,auto_bas_fy2526
2025-08-23,False,18.99,,Q1 FY25-26,G14,False,0,NETFLIX AUSTRALIA PTY L MELBOURNE,0,classified
2025-08-24,False,101.54,,Q1 FY25-26,G11,False,9.23,E-TOLL PAYMENT,0,classified
2025-08-24,False,101.54,E-Toll,Q1 FY25-26,G3,False,0,E-TOLL PAYMENT PARRAMATTA,0,auto_bas_fy2526
2025-08-25,False,-106.77,,Q1 FY25-26,G3,False,0,VISA DEBIT PURCHASE CARD 2794 7-ELEVEN 2238 SUTHERLAND,0,classified
2025-08-25,False,-71.95,,Q1 FY25-26,G3,False,0,VISA DEBIT PURCHASE CARD 2794 RODNEYS PHARMACY PTY L GYMEA,0,classified
2025-08-25,True,21.98,Apple,Q1 FY25-26,G3,False,0,APPLE.COM/BILL SYDNEY,0,auto_bas_fy2526
2025-08-25,False,21.98,,Q1 FY25-26,G14,False,0,APPLE.COM/BILL,0,classified
2025-08-26,True,25,Lovable,Q1 FY25-26,G3,False,0,Lovable Labs subscription,0,auto_bas_fy2526
2025-08-27,False,-38.47,,Q1 FY25-26,G14,False,0,VISA DEBIT PURCHASE CARD 2794 FLEXJOBS.COM 866-991-9222 23.9,0,rdti
2025-08-27,True,25,Lovable,Q1 FY25-26,G3,False,0,Lovable Labs subscription,0,auto_bas_fy2526
2025-08-27,False,-84.04,,Q1 FY25-26,G3,False,0,VISA DEBIT PURCHASE CARD 2794 ALDI STORES CANTERBURY,0,classified
2025-08-27,False,-44.37,,Q1 FY25-26,G3,False,0,VISA DEBIT PURCHASE CARD 2794 PHO MOM PTY LTD CANTERBURY,0,classified
2025-08-28,False,41.24,,Q1 FY25-26,G14,False,0,LINKEDINPREA *80302554 SYDNEY NSW,0,classified
2025-08-28,False,-342.38,,Q1 FY25-26,G14,False,0,VISA DEBIT PURCHASE CARD 2794 LOVABLE LOVABLE.DEV 215.00 USD,0,rdti
2025-08-28,False,-1465.05,,Q1 FY25-26,G14,False,0,VISA DEBIT PURCHASE CARD 2794 LOVABLE LOVABLE.DEV 920.00 USD,0,rdti
2025-08-28,False,41.24,LinkedIn,Q1 FY25-26,G3,False,0,LINKEDINPREA *80302554 SYDNEY NSW,0,auto_bas_fy2526
2025-08-29,False,-42.45,,Q1 FY25-26,G3,False,0,VISA DEBIT PURCHASE CARD 2794 ALDI STORES KIRRAWEE DC,0,classified
2025-08-29,False,79,,Q1 FY25-26,G14,False,0,AMZNPRIMEAU MEMBERSHIP SYDNEY SOUTH,0,classified
2025-08-29,False,-0.09,,Q1 FY25-26,G14,False,0,CREDIT INTEREST PAID 01 SEP VISA DEBIT PURCHASE CARD 2794 OP,0,rdti
2025-08-29,False,79,Amazon Prime,Q1 FY25-26,G3,False,0,AMZNPRIMEAU MEMBERSHIP SYDNEY SOUTH,0,auto_bas_fy2526
2025-08-30,False,101.54,,Q1 FY25-26,G11,False,9.23,E-TOLL PAYMENT,0,classified
2025-08-30,False,101.54,E-Toll,Q1 FY25-26,G3,False,0,E-TOLL PAYMENT PARRAMATTA,0,auto_bas_fy2526
2025-09-01,False,0.17,,Q1 FY25-26,G3,False,0,GOOGLE*CLOUD Z7MM6Z GOO CC GOOGLE.COM,0,classified
2025-09-01,False,12.98,,Q1 FY25-26,G11,False,1.18,GOOGLE*GSUITE TECH4HUMA CC GOOGLE.COM,0,classified
2025-09-01,True,12.98,Google,Q1 FY25-26,G3,False,0,GOOGLE*GSUITE TECH4HUMA CC GOOGLE.COM,0,auto_bas_fy2526
2025-09-01,False,23.99,Spotify,Q1 FY25-26,G14,False,0,SPOTIFY SYDNEY,0,auto_bas_fy2526
2025-09-01,True,0.17,Google,Q1 FY25-26,G3,False,0,GOOGLE*CLOUD Z7MM6Z GOO CC GOOGLE.COM,0,auto_bas_fy2526
2025-09-01,False,23.99,,Q1 FY25-26,G14,False,0,SPOTIFY,0,classified
2025-09-01,False,0.24,,Q1 FY25-26,G3,False,0,GOOGLE*CLOUD XGMRXM GOO CC GOOGLE.COM,0,classified
2025-09-01,False,0.14,,Q1 FY25-26,G3,False,0,GOOGLE*CLOUD DX8ZMH GOO CC GOOGLE.COM,0,classified
2025-09-01,True,0.24,Google,Q1 FY25-26,G3,False,0,GOOGLE*CLOUD XGMRXM GOO CC GOOGLE.COM,0,auto_bas_fy2526
2025-09-01,True,0.14,Google,Q1 FY25-26,G3,False,0,GOOGLE*CLOUD DX8ZMH GOO CC GOOGLE.COM,0,auto_bas_fy2526
2025-09-02,True,150.81,AWS,Q1 FY25-26,G3,False,0,AMAZON WEB SERVICES SYDNEY,0,auto_bas_fy2526
2025-09-02,False,150.81,,Q1 FY25-26,G11,False,13.71,AMAZON WEB SERVICES,0,rdti
2025-09-03,True,25,Lovable,Q1 FY25-26,G3,False,0,Lovable Labs subscription,0,auto_bas_fy2526
2025-09-04,False,20,,Q1 FY25-26,G3,False,0,NAKED WINES MANLY              Manly,0,classified
2025-09-04,False,20,Naked Wines,Q1 FY25-26,G14,False,0,NAKED WINES MANLY Manly,0,auto_bas_fy2526
2025-09-05,False,36.33,,Q1 FY25-26,G3,False,0,AMAZON MARKETPLACE AU SYDNEY SOUTH,0,classified
2025-09-05,False,101.54,,Q1 FY25-26,G11,False,9.23,E-TOLL PAYMENT,0,classified
2025-09-05,False,17.77,Amazon AU,Q1 FY25-26,G3,False,0,AMAZON AU SYDNEY SOUTH,0,auto_bas_fy2526
2025-09-05,False,36.33,Amazon AU,Q1 FY25-26,G3,False,0,AMAZON MARKETPLACE AU SYDNEY SOUTH,0,auto_bas_fy2526
2025-09-05,False,17.77,,Q1 FY25-26,G3,False,0,AMAZON AU,0,classified
2025-09-05,False,101.54,E-Toll,Q1 FY25-26,G3,False,0,E-TOLL PAYMENT PARRAMATTA,0,auto_bas_fy2526
2025-09-06,False,116.15,Pet Insurance,Q1 FY25-26,G3,False,0,PET INSURANCE CHATSWOOD CHATSWOOD,0,auto_bas_fy2526
2025-09-06,False,20.99,,Q1 FY25-26,G14,False,0,DISNEY+ DISNEY+,0,classified
2025-09-06,False,116.15,,Q1 FY25-26,G3,False,0,PET INSURANCE CHATSWOOD CHATSWOOD,0,classified
2025-09-06,False,20.99,Disney+,Q1 FY25-26,G14,False,0,DISNEY+ DISNEY+ AUSTRALIA,0,auto_bas_fy2526
2025-09-08,False,21.98,,Q1 FY25-26,G14,False,0,APPLE.COM/BILL,0,classified
2025-09-08,True,21.98,Apple,Q1 FY25-26,G3,False,0,APPLE.COM/BILL SYDNEY,0,auto_bas_fy2526
2025-09-08,False,1100,American Express,Q1 FY25-26,G14,False,0,BPAY PAYMENT-THANK YOU REC # 3335586959,0,classified
2025-09-10,False,101.54,,Q1 FY25-26,G11,False,9.23,E-TOLL PAYMENT,0,classified
2025-09-10,False,101.54,E-Toll,Q1 FY25-26,G3,False,0,E-TOLL PAYMENT PARRAMATTA,0,auto_bas_fy2526
2025-09-12,True,14.99,Apple,Q1 FY25-26,G3,False,0,APPLE.COM/BILL SYDNEY,0,auto_bas_fy2526
2025-09-12,False,14.99,,Q1 FY25-26,G14,False,0,APPLE.COM/BILL,0,classified
2025-09-13,False,203.52,,Q1 FY25-26,G11,False,18.5,OPTUS MERCHANT Optus Me MACQUARIE PARK,0,classified
2025-09-13,False,203.52,Optus,Q1 FY25-26,G14,True,0,OPTUS MERCHANT Optus Me MACQUARIE PARK,0.2,manual_reclass_20260322
2025-09-13,False,26.99,,Q1 FY25-26,G14,False,0,APPLE.COM/BILL,0,classified
2025-09-13,True,26.99,Apple,Q1 FY25-26,G3,False,0,APPLE.COM/BILL SYDNEY,0,auto_bas_fy2526
2025-09-15,False,650.52,,Q1 FY25-26,G3,False,0,NRMA INSURANCE,0.3,manual_reclass_20260322
2025-09-15,False,40.77,,Q1 FY25-26,G11,False,3.71,UBER EATS              HELP.UBER.COM,0,classified
2025-09-15,False,650.52,NRMA,Q1 FY25-26,G14,False,0,NRMA INSURANCE SYDNEY,0,classified
2025-09-15,False,661,,Q1 FY25-26,G3,False,0,SERVICE NSW,0.3,manual_reclass_20260322
2025-09-15,False,661,Service NSW,Q1 FY25-26,G3,False,0,SERVICE NSW BONDI JUNCTION,0,auto_bas_fy2526
2025-09-15,False,40.77,Uber Eats,Q1 FY25-26,G3,False,0,UBER EATS HELP.UBER.COM,0,auto_bas_fy2526
2025-09-16,False,101.54,,Q1 FY25-26,G11,False,9.23,E-TOLL PAYMENT,0,classified
2025-09-16,False,101.54,E-Toll,Q1 FY25-26,G3,False,0,E-TOLL PAYMENT PARRAMATTA,0,auto_bas_fy2526
2025-09-17,False,49.46,,Q1 FY25-26,G3,False,0,BUBBLE STARTER PLAN            NEW YORK                     ,0,classified
2025-09-17,True,49.46,Bubble,Q1 FY25-26,G3,False,0,BUBBLE STARTER PLAN NEW YORK 32.00,0,auto_bas_fy2526
2025-09-20,False,101.54,E-Toll,Q1 FY25-26,G3,False,0,E-TOLL PAYMENT PARRAMATTA,0,auto_bas_fy2526
2025-09-20,False,101.54,,Q1 FY25-26,G11,False,9.23,E-TOLL PAYMENT,0,classified
2025-09-22,False,6.37,Amex,Q1 FY25-26,G14,False,0,INTEREST CHARGE,0,auto_bas_fy2526
2025-09-22,False,450,Amex,Q1 FY25-26,G3,False,0,MEMBERSHIP FEE,0,auto_bas_fy2526
2025-09-22,False,30,Amex,Q1 FY25-26,G14,False,0,CHARGE FOR OVERDUE PAYMENT,0,auto_bas_fy2526
2025-09-22,False,6.37,,Q1 FY25-26,G3,False,0,INTEREST CHARGE,0,classified
2025-09-22,False,30,,Q1 FY25-26,G3,False,0,CHARGE FOR OVERDUE PAYMENT,0,classified
2025-09-22,False,450,,Q1 FY25-26,G3,False,0,MEMBERSHIP FEE,0,manual_reclass_20260323
2025-09-23,False,20.99,Netflix,Q1 FY25-26,G14,False,0,NETFLIX AUSTRALIA PTY L MELBOURNE,0,auto_bas_fy2526
2025-09-23,False,20.99,,Q1 FY25-26,G14,False,0,NETFLIX AUSTRALIA PTY L MELBOURNE,0,classified
2025-09-27,True,25,Lovable,Q1 FY25-26,G3,False,0,Lovable Labs subscription,0,auto_bas_fy2526
2025-09-28,False,41.24,LinkedIn,Q1 FY25-26,G3,False,0,LINKEDINPREA *37926334 SYDNEY NSW,0,auto_bas_fy2526
2025-09-28,False,113.98,,Q1 FY25-26,G11,False,10.36,UBER EATS              HELP.UBER.COM,0,classified
2025-09-28,False,113.98,Uber Eats,Q1 FY25-26,G3,False,0,UBER EATS HELP.UBER.COM,0,auto_bas_fy2526
2025-09-28,False,41.24,,Q1 FY25-26,G14,False,0,LINKEDINPREA *37926334 SYDNEY NSW,0,classified
2025-09-29,False,2200,American Express,Q1 FY25-26,G14,False,0,BPAY PAYMENT-THANK YOU REC # 4337327234,0,classified
2025-10-01,True,12.98,Google,Q2 FY25-26,G3,False,0,GOOGLE*GSUITE TECH4HUMA CC GOOGLE.COM,0,auto_bas_fy2526
2025-10-01,False,12.98,,Q2 FY25-26,G11,False,1.18,GOOGLE*GSUITE TECH4HUMA CC GOOGLE.COM,0,classified
2025-10-01,False,0.17,,Q2 FY25-26,G3,False,0,GOOGLE*CLOUD RHD8NM GOO CC GOOGLE.COM,0,classified
2025-10-01,False,1.86,,Q2 FY25-26,G3,False,0,GOOGLE*CLOUD D57DZZ GOO CC GOOGLE.COM,0,classified
2025-10-01,False,0.14,,Q2 FY25-26,G3,False,0,GOOGLE*CLOUD G7G2KX GOO CC GOOGLE.COM,0,classified
2025-10-01,False,17.77,,Q2 FY25-26,G3,False,0,AMAZON AU,0,classified
2025-10-01,False,21.6,,Q2 FY25-26,G3,False,0,AMAZON AU,0,classified
2025-10-01,False,17.77,Amazon AU,Q2 FY25-26,G3,False,0,AMAZON AU SYDNEY SOUTH,0,auto_bas_fy2526
2025-10-01,False,27.99,,Q2 FY25-26,G14,False,0,SPOTIFY,0,classified
2025-10-01,False,21.6,Amazon AU,Q2 FY25-26,G3,False,0,AMAZON AU SYDNEY SOUTH,0,auto_bas_fy2526
2025-10-01,True,1.86,Google,Q2 FY25-26,G3,False,0,GOOGLE*CLOUD D57DZZ GOO CC GOOGLE.COM,0,auto_bas_fy2526
2025-10-01,False,27.99,Spotify,Q2 FY25-26,G14,False,0,SPOTIFY SYDNEY,0,auto_bas_fy2526
2025-10-01,True,0.17,Google,Q2 FY25-26,G3,False,0,GOOGLE*CLOUD RHD8NM GOO CC GOOGLE.COM,0,auto_bas_fy2526
2025-10-01,True,0.14,Google,Q2 FY25-26,G3,False,0,GOOGLE*CLOUD G7G2KX GOO CC GOOGLE.COM,0,auto_bas_fy2526
2025-10-02,True,166.96,AWS,Q2 FY25-26,G3,False,0,AMAZON WEB SERVICES SYDNEY,0,auto_bas_fy2526
2025-10-02,False,166.96,,Q2 FY25-26,G11,False,15.18,AMAZON WEB SERVICES,0,rdti
2025-10-03,True,25,Lovable,Q2 FY25-26,G3,False,0,Lovable Labs subscription,0,auto_bas_fy2526
2025-10-04,False,20,,Q2 FY25-26,G3,False,0,NAKED WINES MANLY              Manly,0,classified
2025-10-04,False,20,Naked Wines,Q2 FY25-26,G14,False,0,NAKED WINES MANLY Manly,0,auto_bas_fy2526
2025-10-06,False,116.15,Pet Insurance,Q2 FY25-26,G3,False,0,PET INSURANCE CHATSWOOD CHATSWOOD,0,auto_bas_fy2526
2025-10-06,False,116.15,,Q2 FY25-26,G3,False,0,PET INSURANCE CHATSWOOD CHATSWOOD,0,classified
2025-10-06,False,20.99,,Q2 FY25-26,G14,False,0,DISNEY+ DISNEY+,0,classified
2025-10-06,False,20.99,Disney+,Q2 FY25-26,G14,False,0,DISNEY+ DISNEY+ AUSTRALIA,0,auto_bas_fy2526
2025-10-07,False,60.89,,Q2 FY25-26,G11,False,5.54,UBER EATS              HELP.UBER.COM,0,classified
2025-10-07,False,60.89,Uber Eats,Q2 FY25-26,G3,False,0,UBER EATS HELP.UBER.COM,0,auto_bas_fy2526
2025-10-12,True,14.99,Apple,Q2 FY25-26,G3,False,0,APPLE.COM/BILL SYDNEY,0,auto_bas_fy2526
2025-10-12,False,14.99,,Q2 FY25-26,G14,False,0,APPLE.COM/BILL,0,classified
2025-10-13,True,26.99,Apple,Q2 FY25-26,G3,False,0,APPLE.COM/BILL SYDNEY,0,auto_bas_fy2526
2025-10-13,False,26.99,,Q2 FY25-26,G14,False,0,APPLE.COM/BILL,0,classified
2025-10-14,False,203.52,,Q2 FY25-26,G11,False,18.5,OPTUS MERCHANT Optus Me MACQUARIE PARK,0,classified
2025-10-14,False,203.52,Optus,Q2 FY25-26,G14,True,0,OPTUS MERCHANT Optus Me MACQUARIE PARK,0.2,manual_reclass_20260322
2025-10-16,False,101.54,E-Toll,Q2 FY25-26,G3,False,0,E-TOLL PAYMENT PARRAMATTA,0,auto_bas_fy2526
2025-10-16,False,101.54,,Q2 FY25-26,G11,False,9.23,E-TOLL PAYMENT,0,classified
2025-10-17,True,50.83,Bubble,Q2 FY25-26,G3,False,0,BUBBLE STARTER PLAN NEW YORK 32.00,0,auto_bas_fy2526
2025-10-17,False,50.83,,Q2 FY25-26,G3,False,0,BUBBLE STARTER PLAN            NEW YORK                     ,0,classified
2025-10-22,False,10.9,,Q2 FY25-26,G3,False,0,INTEREST CHARGE,0,classified
2025-10-22,False,10.9,Amex,Q2 FY25-26,G14,False,0,INTEREST CHARGE,0,auto_bas_fy2526
2025-10-23,False,20.99,Netflix,Q2 FY25-26,G14,False,0,NETFLIX AUSTRALIA PTY L MELBOURNE,0,auto_bas_fy2526
2025-10-23,False,20.99,,Q2 FY25-26,G14,False,0,NETFLIX AUSTRALIA PTY L MELBOURNE,0,classified
2025-10-24,True,1500,Anthropic,Q2 FY25-26,G3,False,0,Anthropic PBC API/Pro,0,auto_bas_fy2526
2025-10-24,False,199.99,,Q2 FY25-26,G3,False,0,AMAZON MARKETPLACE AU SYDNEY,0,classified
2025-10-24,False,101.54,E-Toll,Q2 FY25-26,G3,False,0,E-TOLL PAYMENT PARRAMATTA,0,auto_bas_fy2526
2025-10-24,False,199.99,Amazon AU,Q2 FY25-26,G3,False,0,AMAZON MARKETPLACE AU SYDNEY,0,auto_bas_fy2526
2025-10-24,False,101.54,,Q2 FY25-26,G11,False,9.23,E-TOLL PAYMENT,0,classified
2025-10-27,False,1700,American Express,Q2 FY25-26,G14,False,0,BPAY PAYMENT-THANK YOU REC # 1275294102,0,classified
2025-10-27,True,25,Lovable,Q2 FY25-26,G3,False,0,Lovable Labs subscription,0,auto_bas_fy2526
2025-10-28,False,41.24,LinkedIn,Q2 FY25-26,G3,False,0,LINKEDINPREA *97519444 SYDNEY NSW,0,auto_bas_fy2526
2025-10-28,False,41.24,,Q2 FY25-26,G14,False,0,LINKEDINPREA *97519444 SYDNEY NSW,0,classified
2025-10-31,True,1500,Anthropic,Q2 FY25-26,G3,False,0,Anthropic PBC API/Pro,0,auto_bas_fy2526
2025-10-31,False,101.54,,Q2 FY25-26,G11,False,9.23,E-TOLL PAYMENT,0,classified
2025-10-31,False,101.54,E-Toll,Q2 FY25-26,G3,False,0,E-TOLL PAYMENT PARRAMATTA,0,auto_bas_fy2526
2025-11-01,False,12.98,,Q2 FY25-26,G3,False,0,GOOGLE*WORKSPACE TECH4H CC GOOGLE.COM,0,classified
2025-11-01,False,0.17,,Q2 FY25-26,G3,False,0,GOOGLE*CLOUD RWZQZL GOO CC GOOGLE.COM,0,classified
2025-11-01,True,0.17,Google,Q2 FY25-26,G3,False,0,GOOGLE*CLOUD RWZQZL GOO CC GOOGLE.COM,0,auto_bas_fy2526
2025-11-01,False,27.99,Spotify,Q2 FY25-26,G14,False,0,SPOTIFY SYDNEY,0,auto_bas_fy2526
2025-11-01,False,16.23,,Q2 FY25-26,G3,False,0,GOOGLE*CLOUD QTGNKP GOO CC GOOGLE.COM,0,classified
2025-11-01,True,16.23,Google,Q2 FY25-26,G3,False,0,GOOGLE*CLOUD QTGNKP GOO CC GOOGLE.COM,0,auto_bas_fy2526
2025-11-01,False,0.14,,Q2 FY25-26,G3,False,0,GOOGLE*CLOUD 74GLMK,0,classified
2025-11-01,True,0.14,Google,Q2 FY25-26,G3,False,0,GOOGLE*CLOUD 74GLMK PYRMONT,0,auto_bas_fy2526
2025-11-01,True,12.98,Google,Q2 FY25-26,G3,False,0,GOOGLE*WORKSPACE TECH4H CC GOOGLE.COM,0,auto_bas_fy2526
2025-11-01,False,27.99,,Q2 FY25-26,G14,False,0,SPOTIFY,0,classified
2025-11-02,False,23.51,,Q2 FY25-26,G11,False,2.14,AMAZON WEB SERVICES,0,rdti
2025-11-02,True,23.51,AWS,Q2 FY25-26,G3,False,0,AMAZON WEB SERVICES SYDNEY,0,auto_bas_fy2526
2025-11-03,False,-50,,Q2 FY25-26,G14,False,0,VISA DEBIT PURCHASE CARD 2794 FRESHBOOKS 866-303-6061,0,rdti
2025-11-03,False,-91.83,,Q2 FY25-26,G3,False,0,VISA DEBIT PURCHASE CARD 2794 ALDI STORES KIRRAWEE DC,0,classified
2025-11-03,False,-31.54,,Q2 FY25-26,G14,False,0,VISA DEBIT PURCHASE CARD 2794 OPENAI *CHATGPT SUBSCR OPENAI.,0,rdti
2025-11-03,False,-8.67,,Q2 FY25-26,G14,False,0,VISA DEBIT PURCHASE CARD 2794 ELEVENLABS.IO ELEVENLABS.IO 5.,0,rdti
2025-11-03,True,454.19,HeyGen,Q2 FY25-26,G3,False,0,HEYGEN TECHNOLOGY INC. LOS ANGELES 288.00,0,auto_bas_fy2526
2025-11-03,False,-18.16,,Q2 FY25-26,G3,False,0,VISA DEBIT PURCHASE CARD 2794 COLES 5588 KIRRAWEE,0,classified
2025-11-03,False,-130.35,,Q2 FY25-26,G14,False,0,VISA DEBIT PURCHASE CARD 2794 CLAUDE.AI SUBSCRIPTION ANTHROP,0,rdti
2025-11-03,False,454.19,,Q2 FY25-26,G14,True,0,HEYGEN TECHNOLOGY INC. LOS ANGELES                          ,0,manual_reclass_20260322
2025-11-04,False,20,,Q2 FY25-26,G3,False,0,NAKED WINES MANLY              Manly,0,classified
2025-11-04,False,-39.43,,Q2 FY25-26,G14,False,0,VISA DEBIT PURCHASE CARD 2794 LOVABLE LOVABLE.DEV 25.00 USD ,0,rdti
2025-11-04,False,20,Naked Wines,Q2 FY25-26,G14,False,0,NAKED WINES MANLY Manly,0,auto_bas_fy2526
2025-11-05,False,17.77,Amazon AU,Q2 FY25-26,G3,False,0,AMAZON RETA* AMAZON AU SYDNEY,0,auto_bas_fy2526
2025-11-05,False,17.77,,Q2 FY25-26,G3,False,0,AMAZON RETA* AMAZON AU SYDNEY,0,classified
2025-11-06,False,20.99,Disney+,Q2 FY25-26,G14,False,0,DISNEY+ DISNEY+ AUSTRALIA,0,auto_bas_fy2526
2025-11-06,False,116.15,,Q2 FY25-26,G3,False,0,PET INSURANCE CHATSWOOD CHATSWOOD,0,classified
2025-11-06,False,116.15,Pet Insurance,Q2 FY25-26,G3,False,0,PET INSURANCE CHATSWOOD CHATSWOOD,0,auto_bas_fy2526
2025-11-06,False,20.99,,Q2 FY25-26,G14,False,0,DISNEY+ DISNEY+,0,classified
2025-11-08,False,101.54,,Q2 FY25-26,G11,False,9.23,E-TOLL PAYMENT,0,classified
2025-11-08,False,101.54,E-Toll,Q2 FY25-26,G3,False,0,E-TOLL PAYMENT PARRAMATTA,0,auto_bas_fy2526
2025-11-10,True,-298.33,,Q2 FY25-26,G3,False,0,VISA DEBIT PURCHASE CARD 2794 CANDOR MEDICAL KENSINGTON GR,0,manual_reclass_20260323
2025-11-10,False,-31.88,,Q2 FY25-26,G11,False,2.9,VISA DEBIT PURCHASE CARD 2794 RESEND RESEND.COM 20.00 USD IN,0,rdti
2025-11-10,False,-10.78,,Q2 FY25-26,G3,False,0,VISA DEBIT PURCHASE CARD 2794 KIRRANA PTY LTD KIRRAWEE,0,classified
2025-11-11,False,39.99,Amazon AU,Q2 FY25-26,G3,False,0,AMAZON MARKETPLACE AU SYDNEY,0,auto_bas_fy2526
2025-11-11,False,39.99,,Q2 FY25-26,G3,False,0,AMAZON MARKETPLACE AU SYDNEY,0,manual_reclass_20260322
2025-11-12,False,-47.94,,Q2 FY25-26,G3,False,0,VISA DEBIT PURCHASE CARD 2794 ALDI STORES KIRRAWEE DC,0,classified
2025-11-12,False,14.99,,Q2 FY25-26,G14,False,0,APPLE.COM/BILL,0,classified
2025-11-12,False,-172.76,,Q2 FY25-26,G11,True,15.71,VISA DEBIT PURCHASE CARD 2794 BUNNINGS 724000 KIRRAWEE,0.5,manual_reclass_20260322
2025-11-12,False,-189.59,,Q2 FY25-26,G11,False,17.24,"VISA DEBIT PURCHASE CARD 2794 OCTOPUS DATA, INC 6266366836 1",0,rdti
2025-11-12,True,14.99,Apple,Q2 FY25-26,G3,False,0,APPLE.COM/BILL SYDNEY,0,auto_bas_fy2526
2025-11-12,False,-31.6,,Q2 FY25-26,G3,False,0,VISA DEBIT PURCHASE CARD 2794 DAVID WILSON CHEMIST KIRRAWEE,0,classified
2025-11-12,False,-99.47,,Q2 FY25-26,G3,False,0,VISA DEBIT PURCHASE CARD 2794 7-ELEVEN 2238 SUTHERLAND,0,classified
2025-11-13,False,26.99,,Q2 FY25-26,G14,False,0,APPLE.COM/BILL,0,classified
2025-11-13,True,26.99,Apple,Q2 FY25-26,G3,False,0,APPLE.COM/BILL SYDNEY,0,auto_bas_fy2526
2025-11-13,False,203.52,,Q2 FY25-26,G11,False,18.5,OPTUS MERCHANT Optus Me MACQUARIE PARK,0,classified
2025-11-13,False,203.52,Optus,Q2 FY25-26,G14,True,0,OPTUS MERCHANT Optus Me MACQUARIE PARK,0.2,manual_reclass_20260322
2025-11-14,False,-30,PayPal,Q2 FY25-26,G14,False,0,EFTPOS | PAYPAL *YOURTOWN SYDNEY AU,0,auto_bas_fy2526
2025-11-14,False,-69.59,Deal.AI,Q2 FY25-26,G14,False,0,VISA DEBIT PURCHASE CARD 2794 | DEAL.AI INC DEAL.AI,0,auto_bas_fy2526
2025-11-14,False,-26.99,Rodneys Pharmacy,Q2 FY25-26,G14,False,0,VISA DEBIT PURCHASE CARD 2794 | RODNEYS PHARMACY PTY L GYMEA,0,auto_bas_fy2526
2025-11-14,False,-26.99,,Q2 FY25-26,G3,False,0,VISA DEBIT PURCHASE CARD 2794 RODNEYS PHARMACY PTY L GYMEA,0,classified
2025-11-14,False,-30,,Q2 FY25-26,G3,False,0,EFTPOS PAYPAL *YOURTOWN SYDNEY AU,0,classified
2025-11-14,False,-69.59,,Q2 FY25-26,G14,False,0,VISA DEBIT PURCHASE CARD 2794 DEAL.AI INC DEAL.AI 44.00 USD ,0,rdti
2025-11-14,False,-6170,SCECGS Redlands,Q2 FY25-26,G14,False,0,ANZ INTERNET BANKING BPAY | SCECGS REDLANDS {519883},0,auto_bas_fy2526
2025-11-15,False,101.54,,Q2 FY25-26,G11,False,9.23,E-TOLL PAYMENT,0,classified
2025-11-15,False,101.54,E-Toll,Q2 FY25-26,G3,False,0,E-TOLL PAYMENT PARRAMATTA,0,auto_bas_fy2526
2025-11-17,False,-93.15,,Q2 FY25-26,G14,False,0,ANZ INTERNET BANKING FUNDS TFER | TRANSFER 421625 TO 0129552,0,auto_bas_fy2526
2025-11-17,False,-93.15,,Q2 FY25-26,G3,False,0,ANZ INTERNET BANKING FUNDS TFER TRANSFER 421625 TO 012955264,0,classified
2025-11-17,False,50.69,,Q2 FY25-26,G3,False,0,BUBBLE STARTER PLAN            NEW YORK                     ,0,classified
2025-11-17,True,50.69,Bubble,Q2 FY25-26,G3,False,0,BUBBLE STARTER PLAN NEW YORK 32.00,0,auto_bas_fy2526
2025-11-19,False,-37.93,,Q2 FY25-26,G14,False,0,VISA DEBIT PURCHASE CARD 2794 FLEXJOBS.COM 866-991-9222 23.9,0,rdti
2025-11-19,False,-37.93,FlexJobs,Q2 FY25-26,G14,False,0,VISA DEBIT PURCHASE CARD 2794 | FLEXJOBS.COM 866-991-9222,100,auto_bas_fy2526
2025-11-21,False,-44.13,,Q2 FY25-26,G3,False,0,VISA DEBIT PURCHASE CARD 2794 AMAZON MARKETPLACE AU SYDNEY,0,manual_reclass_20260322
2025-11-21,False,-44.13,Amazon AU,Q2 FY25-26,G14,False,0,VISA DEBIT PURCHASE CARD 2794 | AMAZON MARKETPLACE AU SYDNEY,100,auto_bas_fy2526
2025-11-22,False,101.54,E-Toll,Q2 FY25-26,G3,False,0,E-TOLL PAYMENT PARRAMATTA,0,auto_bas_fy2526
2025-11-22,False,101.54,,Q2 FY25-26,G11,False,9.23,E-TOLL PAYMENT,0,classified
2025-11-22,False,4.04,,Q2 FY25-26,G3,False,0,INTEREST CHARGE,0,classified
2025-11-22,False,4.04,Amex,Q2 FY25-26,G14,False,0,INTEREST CHARGE,0,auto_bas_fy2526
2025-11-23,False,20.99,Netflix,Q2 FY25-26,G14,False,0,NETFLIX.COM CHIPPENDALE,0,auto_bas_fy2526
2025-11-23,False,20.99,,Q2 FY25-26,G14,False,0,NETFLIX.COM,0,classified
2025-11-24,False,-15.2,,Q2 FY25-26,G3,False,0,VISA DEBIT PURCHASE CARD 2794 AMAZON RETA* AMAZON AU SYDNEY,0,manual_reclass_20260322
2025-11-24,False,-48.39,,Q2 FY25-26,G11,False,4.4,VISA DEBIT PURCHASE CARD 2794 AMBER ELECTRIC PL BURNLEY,0,classified
2025-11-24,False,-387,,Q2 FY25-26,G11,False,35.18,ANZ INTERNET BANKING BPAY REVENUENSW DEBT {994303},0,classified
2025-11-24,False,-28.95,,Q2 FY25-26,G3,False,0,VISA DEBIT PURCHASE CARD 2794 COLES 5588 KIRRAWEE,0,classified
2025-11-24,False,-15.2,Amazon AU,Q2 FY25-26,G14,False,0,VISA DEBIT PURCHASE CARD 2794 | AMAZON RETA* AMAZON AU SYDNE,100,auto_bas_fy2526
2025-11-24,False,-31.98,,Q2 FY25-26,G3,False,0,VISA DEBIT PURCHASE CARD 2794 RODNEYS PHARMACY PTY L GYMEA,0,classified
2025-11-24,False,-31.98,Rodneys Pharmacy,Q2 FY25-26,G14,False,0,VISA DEBIT PURCHASE CARD 2794 | RODNEYS PHARMACY PTY L GYMEA,0,auto_bas_fy2526
2025-11-24,False,-35.89,,Q2 FY25-26,G3,False,0,VISA DEBIT PURCHASE CARD 2794 AMAZON MARKETPLACE AU SYDNEY,0,classified
2025-11-24,False,-525,,Q2 FY25-26,G3,False,0,VISA DEBIT PURCHASE CARD 2794 TM *TICKETMASTERAU MELBOURNE,0,classified
2025-11-24,False,1800,American Express,Q2 FY25-26,G14,False,0,BPAY PAYMENT-THANK YOU REC # 6561340421,0,classified
2025-11-24,False,-525,Ticketmaster,Q2 FY25-26,G14,False,0,VISA DEBIT PURCHASE CARD 2794 | TM *TICKETMASTERAU MELBOURNE,100,auto_bas_fy2526
2025-11-24,False,-387,Revenue NSW,Q2 FY25-26,G14,False,0,ANZ INTERNET BANKING BPAY | REVENUENSW DEBT {994303},0,manual_reclass_20260323
2025-11-24,False,-28.95,Coles,Q2 FY25-26,G14,False,0,VISA DEBIT PURCHASE CARD 2794 | COLES 5588 KIRRAWEE,0,auto_bas_fy2526
2025-11-24,False,-35.89,Amazon AU,Q2 FY25-26,G14,False,0,VISA DEBIT PURCHASE CARD 2794 | AMAZON MARKETPLACE AU SYDNEY,100,auto_bas_fy2526
2025-11-24,False,-1800,Amex Card Payment,Q2 FY25-26,G14,False,0,ANZ INTERNET BANKING BPAY | AMERICAN EXPRESS {656134},0,auto_bas_fy2526
2025-11-24,False,-48.39,Various,Q2 FY25-26,G14,False,0,VISA DEBIT PURCHASE CARD 2794 | AMBER ELECTRIC PL BURNLEY,100,auto_bas_fy2526
2025-11-26,False,-42.32,,Q2 FY25-26,G3,False,0,VISA DEBIT PURCHASE CARD 2794 RMYC PORT HACKING BURRANEER,0,classified
2025-11-26,False,-42.32,Various,Q2 FY25-26,G14,False,0,VISA DEBIT PURCHASE CARD 2794 | RMYC PORT HACKING BURRANEER,100,auto_bas_fy2526
2025-11-27,False,-56.58,,Q2 FY25-26,G3,False,0,VISA DEBIT PURCHASE CARD 2794 RODNEYS PHARMACY PTY L GYMEA,0,classified
2025-11-27,True,25,Lovable,Q2 FY25-26,G3,False,0,Lovable Labs - Monthly dev platform subscription,0,auto_bas_fy2526
2025-11-27,False,-56.58,Rodneys Pharmacy,Q2 FY25-26,G14,False,0,VISA DEBIT PURCHASE CARD 2794 | RODNEYS PHARMACY PTY L GYMEA,0,auto_bas_fy2526
2025-11-27,False,-33.56,,Q2 FY25-26,G3,False,0,VISA DEBIT PURCHASE CARD 2794 ALDI STORES KIRRAWEE DC,0,classified
2025-11-27,False,-33.56,Aldi,Q2 FY25-26,G14,False,0,VISA DEBIT PURCHASE CARD 2794 | ALDI STORES KIRRAWEE DC,0,auto_bas_fy2526
2025-11-28,False,101.54,E-Toll,Q2 FY25-26,G3,False,0,E-TOLL PAYMENT PARRAMATTA,0,auto_bas_fy2526
2025-11-28,True,-23.91,Lovable,Q2 FY25-26,G11,False,2.17,VISA DEBIT PURCHASE CARD 2794 | LOVABLE LOVABLE.DEV,0,classified
2025-11-28,False,-23.91,,Q2 FY25-26,G14,False,0,VISA DEBIT PURCHASE CARD 2794 LOVABLE LOVABLE.DEV 15.00 USD ,0,rdti
2025-11-28,False,-22.48,,Q2 FY25-26,G3,False,0,CREDIT INTEREST PAID 01 DEC VISA DEBIT PURCHASE CARD 2794 BO,0,classified
2025-11-28,False,47.48,,Q2 FY25-26,G3,False,0,SP LUCENT GLOBE,0,classified
2025-11-28,False,101.54,,Q2 FY25-26,G11,False,9.23,E-TOLL PAYMENT,0,classified
2025-11-28,False,41.24,,Q2 FY25-26,G14,False,0,LINKEDINPREA *57664494 SYDNEY NSW,0,classified
2025-11-28,False,-83.21,,Q2 FY25-26,G3,False,0,VISA DEBIT PURCHASE CARD 2794 TEMU.COM PARRAMATTA,0,classified
2025-11-28,False,-83.21,Temu,Q2 FY25-26,G14,False,0,VISA DEBIT PURCHASE CARD 2794 | TEMU.COM PARRAMATTA,100,auto_bas_fy2526
2025-11-28,False,41.24,LinkedIn,Q2 FY25-26,G3,False,0,LINKEDINPREA *57664494 SYDNEY NSW,0,auto_bas_fy2526
2025-11-28,False,47.48,Lucent Globe,Q2 FY25-26,G14,False,0,SP LUCENT GLOBE COOMERA,0,classified
2025-12-01,True,-31.6,OpenAI,Q2 FY25-26,G11,False,2.87,VISA DEBIT PURCHASE CARD 2794 | OPENAI *CHATGPT SUBSCR OPENA,0,classified
2025-12-01,False,0.14,,Q2 FY25-26,G3,False,0,GOOGLE*CLOUD 6WV962 GOO CC GOOGLE.COM,0,classified
2025-12-01,False,15.66,,Q2 FY25-26,G3,False,0,GOOGLE*CLOUD 92VZXW GOO CC GOOGLE.COM,0,classified
2025-12-01,False,0.17,,Q2 FY25-26,G3,False,0,GOOGLE*CLOUD 6S7WGG,0,classified
2025-12-01,False,12.98,,Q2 FY25-26,G3,False,0,GOOGLE*WORKSPACE_TECH4H PYRMONT,0,classified
2025-12-01,False,27.99,Spotify,Q2 FY25-26,G14,False,0,SPOTIFY SYDNEY,0,auto_bas_fy2526
2025-12-01,True,15.66,Google,Q2 FY25-26,G3,False,0,GOOGLE*CLOUD 92VZXW GOO CC GOOGLE.COM,0,auto_bas_fy2526
2025-12-01,True,0.14,Google,Q2 FY25-26,G3,False,0,GOOGLE*CLOUD 6WV962 GOO CC GOOGLE.COM,0,auto_bas_fy2526
2025-12-01,True,12.98,Google,Q2 FY25-26,G3,False,0,GOOGLE*WORKSPACE_TECH4H PYRMONT,0,auto_bas_fy2526
2025-12-01,False,-22.48,Various,Q2 FY25-26,G14,False,0,VISA DEBIT PURCHASE CARD 2794 | BOYLES HOTEL PTY LTD SUTHERL,100,auto_bas_fy2526
2025-12-01,False,-33.99,Amazon AU,Q2 FY25-26,G14,False,0,VISA DEBIT PURCHASE CARD 2794 | AMAZON MARKETPLACE AU SYDNEY,100,auto_bas_fy2526
2025-12-01,False,-121.8,Aldi,Q2 FY25-26,G14,False,0,VISA DEBIT PURCHASE CARD 2794 | ALDI STORES KIRRAWEE DC,0,auto_bas_fy2526
2025-12-01,False,-85.06,Coles,Q2 FY25-26,G14,False,0,VISA DEBIT PURCHASE CARD 2794 | COLES 5588 KIRRAWEE,0,auto_bas_fy2526
2025-12-01,False,-40,Various,Q2 FY25-26,G14,False,0,VISA DEBIT PURCHASE CARD 2794 | SYDCONVENTIONCTR SYDNEY,100,auto_bas_fy2526
2025-12-01,False,-388.89,Candor Medical,Q2 FY25-26,G14,False,0,VISA DEBIT PURCHASE CARD 2794 | CANDOR MEDICAL KENSINGTON GR,0,auto_bas_fy2526
2025-12-01,False,27.99,,Q2 FY25-26,G14,False,0,SPOTIFY,0,classified
2025-12-01,True,0.17,Google,Q2 FY25-26,G3,False,0,GOOGLE*CLOUD 6S7WGG PYRMONT,0,auto_bas_fy2526
2025-12-02,False,-4.16,Restaurant,Q2 FY25-26,G14,False,0,VISA DEBIT PURCHASE CARD 2794 | KIRRANA PTY LTD KIRRAWEE,100,auto_bas_fy2526
2025-12-02,False,-27.38,Restaurant,Q2 FY25-26,G14,False,0,VISA DEBIT PURCHASE CARD 2794 | KIRRANA PTY LTD KIRRAWEE,100,auto_bas_fy2526
2025-12-02,True,52.77,AWS,Q2 FY25-26,G3,False,0,AMAZON WEB SERVICES SYDNEY,0,auto_bas_fy2526
2025-12-02,False,52.77,,Q2 FY25-26,G11,False,4.8,AMAZON WEB SERVICES,0,rdti
2025-12-02,True,-154.54,Anthropic,Q2 FY25-26,G11,False,14.05,VISA DEBIT PURCHASE CARD 2794 | CLAUDE.AI SUBSCRIPTION ANTHR,0,classified
2025-12-02,True,801.39,AWS,Q2 FY25-26,G3,False,0,"AWS - Lambda, S3, API Gateway, CloudWatch",0,auto_bas_fy2526
2025-12-03,False,-18.72,Various,Q2 FY25-26,G14,False,0,VISA DEBIT PURCHASE CARD 2794 | FOUNDERS ROOM PTY LTD CRONUL,100,auto_bas_fy2526
2025-12-03,True,-8.67,ElevenLabs,Q2 FY25-26,G14,False,0,VISA DEBIT PURCHASE CARD 2794 | ELEVENLABS.IO ELEVENLABS.IO,0,classified
2025-12-03,False,-21.54,Aldi,Q2 FY25-26,G14,False,0,VISA DEBIT PURCHASE CARD 2794 | ALDI STORES KIRRAWEE DC,0,auto_bas_fy2526
2025-12-03,False,-50,FreshBooks,Q2 FY25-26,G14,False,0,VISA DEBIT PURCHASE CARD 2794 | FRESHBOOKS 866-303-6061,0,auto_bas_fy2526
2025-12-04,False,20,,Q2 FY25-26,G3,False,0,NAKED WINES MANLY              Manly,0,classified
2025-12-04,False,-47.82,Various,Q2 FY25-26,G14,False,0,VISA DEBIT PURCHASE CARD 2794 | JACSTAV PTY LTD GYMEA,100,auto_bas_fy2526
2025-12-04,False,20,Naked Wines,Q2 FY25-26,G14,False,0,NAKED WINES MANLY Manly,0,auto_bas_fy2526
2025-12-04,False,-6.99,Coles,Q2 FY25-26,G14,False,0,VISA DEBIT PURCHASE CARD 2794 | COLES 5588 KIRRAWEE,0,auto_bas_fy2526
2025-12-04,False,-2500,,Q2 FY25-26,G14,False,0,ANZ MOBILE BANKING PAYMENT 195861 | TO TROY M LATTER,0,auto_bas_fy2526
2025-12-04,True,-39.41,Lovable,Q2 FY25-26,G11,False,3.58,VISA DEBIT PURCHASE CARD 2794 | LOVABLE LOVABLE.DEV,0,classified
2025-12-05,True,1500,Anthropic,Q2 FY25-26,G3,False,0,Anthropic - Claude API agent orchestration,0,auto_bas_fy2526
2025-12-05,False,-78.92,Budget Petrol,Q2 FY25-26,G14,False,0,VISA DEBIT PURCHASE CARD 2794 | BUDGET PETROL BEVERLEY PA BE,50,auto_bas_fy2526
2025-12-06,False,20.99,,Q2 FY25-26,G14,False,0,DISNEY+ DISNEY+,0,classified
2025-12-06,False,149.23,Pet Insurance,Q2 FY25-26,G3,False,0,PET INSURANCE CHATSWOOD CHATSWOOD,0,auto_bas_fy2526
2025-12-06,False,20.99,Disney+,Q2 FY25-26,G14,False,0,DISNEY+ DISNEY+ AUSTRALIA,0,auto_bas_fy2526
2025-12-06,False,149.23,,Q2 FY25-26,G3,False,0,PET INSURANCE CHATSWOOD CHATSWOOD,0,classified
2025-12-07,False,101.54,E-Toll,Q2 FY25-26,G3,False,0,E-TOLL PAYMENT PARRAMATTA,0,auto_bas_fy2526
2025-12-07,False,101.54,,Q2 FY25-26,G11,False,9.23,E-TOLL PAYMENT,0,classified
2025-12-08,False,24.3,Amazon AU,Q2 FY25-26,G3,False,0,AMAZON RETA* AMAZON AU SYDNEY,0,auto_bas_fy2526
2025-12-08,False,17.77,Amazon AU,Q2 FY25-26,G3,False,0,AMAZON RETA* AMAZON AU SYDNEY,0,auto_bas_fy2526
2025-12-08,False,-24.16,Temu,Q2 FY25-26,G14,False,0,EFTPOS | TEMU.COM\,100,auto_bas_fy2526
2025-12-08,False,24.3,,Q2 FY25-26,G3,False,0,AMAZON RETA* AMAZON AU SYDNEY,0,manual_reclass_20260322
2025-12-08,False,17.77,,Q2 FY25-26,G3,False,0,AMAZON RETA* AMAZON AU SYDNEY,0,manual_reclass_20260322
2025-12-08,True,-42.9,Anthropic,Q2 FY25-26,G11,False,3.9,VISA DEBIT PURCHASE CARD 2794 | ANTHROPIC ANTHROPIC.COM,0,classified
2025-12-09,False,-31.2,Resend,Q2 FY25-26,G14,False,0,VISA DEBIT PURCHASE CARD 2794 | RESEND RESEND.COM,0,auto_bas_fy2526
2025-12-10,False,-2,McDonalds,Q2 FY25-26,G14,False,0,VISA DEBIT PURCHASE CARD 2794 | MCDONALDS SYLVANIA SYLVANIA,0,auto_bas_fy2526
2025-12-11,False,-53.98,,Q2 FY25-26,G14,False,0,VISA DEBIT PURCHASE CARD 2794 | PHARMACY DIRECT MOLENDINAR,0,auto_bas_fy2526
2025-12-11,False,129,Kogan,Q2 FY25-26,G14,False,0,KOGAN MELBOURNE,0,manual_reclass_20260322
2025-12-11,False,129,,Q2 FY25-26,G3,False,0,KOGAN,0,manual_reclass_20260322
2025-12-12,False,99.19,,Q2 FY25-26,G11,False,9.02,UBER EATS              HELP.UBER.COM,0,classified
2025-12-12,False,99.19,Uber Eats,Q2 FY25-26,G3,False,0,UBER EATS HELP.UBER.COM,0,auto_bas_fy2526
2025-12-12,False,-185.48,Octopus Data,Q2 FY25-26,G14,False,0,"VISA DEBIT PURCHASE CARD 2794 | OCTOPUS DATA, INC 6266366836",0,auto_bas_fy2526
2025-12-12,True,25,Lovable,Q2 FY25-26,G3,False,0,Lovable Labs - Monthly dev platform subscription,0,auto_bas_fy2526
2025-12-13,False,14.99,,Q2 FY25-26,G14,False,0,APPLE.COM/BILL,0,classified
2025-12-13,True,14.99,Apple,Q2 FY25-26,G3,False,0,APPLE.COM/BILL SYDNEY,0,auto_bas_fy2526
2025-12-14,False,203.52,Optus,Q2 FY25-26,G14,True,0,OPTUS MERCHANT Optus Me MACQUARIE PARK,0.2,manual_reclass_20260322
2025-12-14,False,203.52,,Q2 FY25-26,G11,False,18.5,OPTUS MERCHANT Optus Me MACQUARIE PARK,0,classified
2025-12-15,True,-15.55,Lovable,Q2 FY25-26,G11,False,1.41,VISA DEBIT PURCHASE CARD 2794 | LOVABLE LOVABLE.DEV,0,classified
2025-12-15,False,-68.33,,Q2 FY25-26,G14,False,0,Deal.AI Inc - ANZ T4H Business 8406,0,rdti
2025-12-15,False,-39.6,,Q2 FY25-26,G3,False,0,PayPal Dominos - ANZ T4H Business 8406,0,classified
2025-12-15,False,-39.6,Dominos,Q2 FY25-26,G14,False,0,EFTPOS | PAYPAL *DOMINOS DOMINOS SYDNEY AU,100,auto_bas_fy2526
2025-12-15,False,-15.55,,Q2 FY25-26,G14,False,0,Lovable Lovable.dev - ANZ T4H Business 8406,0,rdti
2025-12-15,False,-68.33,Deal.AI,Q2 FY25-26,G14,False,0,VISA DEBIT PURCHASE CARD 2794 | DEAL.AI INC DEAL.AI,0,auto_bas_fy2526
2025-12-15,False,-93.15,,Q2 FY25-26,G14,False,0,ANZ INTERNET BANKING FUNDS TFER | TRANSFER 839528 TO 0129552,0,auto_bas_fy2526
2025-12-15,False,-93.15,,Q2 FY25-26,G3,False,0,Transfer to ANZ Personal 264796495 - ANZ T4H Business 8406,0,classified
2025-12-17,True,49.73,Bubble,Q2 FY25-26,G3,False,0,BUBBLE STARTER PLAN NEW YORK 32.00,0,auto_bas_fy2526
2025-12-17,False,-37.19,FlexJobs,Q2 FY25-26,G14,False,0,VISA DEBIT PURCHASE CARD 2794 | FLEXJOBS.COM 866-991-9222,100,auto_bas_fy2526
2025-12-17,False,-5,McDonalds,Q2 FY25-26,G14,False,0,VISA DEBIT PURCHASE CARD 2794 | MCDONALDS SYLVANIA SYLVANIA,0,auto_bas_fy2526
2025-12-17,False,-32.8,,Q2 FY25-26,G14,False,0,VISA DEBIT PURCHASE CARD 2794 | BUNNINGS 724000 KIRRAWEE,0,auto_bas_fy2526
2025-12-17,False,-71.58,Rodneys Pharmacy,Q2 FY25-26,G14,False,0,VISA DEBIT PURCHASE CARD 2794 | RODNEYS PHARMACY PTY L GYMEA,0,auto_bas_fy2526
2025-12-17,False,-30.91,,Q2 FY25-26,G14,False,0,Claude.ai Subscription Anthropic - ANZ T4H Business 8406,0,rdti
2025-12-17,False,-32.8,,Q2 FY25-26,G11,False,2.98,Bunnings Kirrawee - ANZ T4H Business 8406,0,classified
2025-12-17,False,-37.19,,Q2 FY25-26,G11,False,3.38,FlexJobs.com - ANZ T4H Business 8406,0,classified
2025-12-17,False,-14.83,Aldi,Q2 FY25-26,G14,False,0,VISA DEBIT PURCHASE CARD 2794 | ALDI STORES MOSMAN,0,auto_bas_fy2526
2025-12-17,False,-14.83,,Q2 FY25-26,G3,False,0,ALDI Mosman - ANZ T4H Business 8406,0,classified
2025-12-17,False,-71.58,,Q2 FY25-26,G3,False,0,Rodneys Pharmacy Gymea - ANZ T4H Business 8406,0,classified
2025-12-17,False,49.73,,Q2 FY25-26,G3,False,0,BUBBLE STARTER PLAN            NEW YORK                     ,0,classified
2025-12-17,True,-30.91,Anthropic,Q2 FY25-26,G11,False,2.81,VISA DEBIT PURCHASE CARD 2794 | CLAUDE.AI SUBSCRIPTION ANTHR,0,classified
2025-12-17,False,-5,,Q2 FY25-26,G3,False,0,McDonalds Sylvania - ANZ T4H Business 8406,0,classified
2025-12-18,False,-84.23,,Q2 FY25-26,G11,False,7.66,Budget Petrol Kogarah - ANZ T4H Business 8406,0,classified
2025-12-18,False,-84.23,Budget Petrol,Q2 FY25-26,G14,False,0,VISA DEBIT PURCHASE CARD 2794 | BUDGET PETROL KOGARAH,50,auto_bas_fy2526
2025-12-21,False,101.54,E-Toll,Q2 FY25-26,G3,False,0,E-TOLL PAYMENT PARRAMATTA,0,auto_bas_fy2526
2025-12-21,False,101.54,,Q2 FY25-26,G11,False,9.23,E-TOLL PAYMENT,0,classified
2025-12-22,False,-298.33,Candor Medical,Q2 FY25-26,G14,False,0,VISA DEBIT PURCHASE CARD 2794 | CANDOR MEDICAL KENSINGTON GR,0,auto_bas_fy2526
2025-12-22,False,-34.55,,Q2 FY25-26,G14,False,0,Perplexity.ai - ANZ T4H Business 8406,0,rdti
2025-12-22,True,-34.55,Perplexity AI,Q2 FY25-26,G14,False,0,VISA DEBIT PURCHASE CARD 2794 | WWW.PERPLEXITY.AI WWW.PERPLE,0,auto_bas_fy2526
2025-12-22,True,-298.33,,Q2 FY25-26,G3,False,0,Candor Medical - ANZ T4H Business 8406,0,manual_reclass_20260323
2025-12-23,False,-27,,Q2 FY25-26,G11,False,2.45,Wilson Parking Sydney - ANZ T4H Business 8406,0,classified
2025-12-23,False,-27,,Q2 FY25-26,G14,False,0,VISA DEBIT PURCHASE CARD 2794 | WILSON PARKING SYDOBS SYDNEY,0,auto_bas_fy2526
2025-12-23,False,20.99,,Q2 FY25-26,G14,False,0,NETFLIX.COM,0,classified
2025-12-24,False,-7.6,Various,Q2 FY25-26,G14,False,0,VISA DEBIT PURCHASE CARD 2794 | AMBER ELECTRIC PL BURNLEY,100,auto_bas_fy2526
2025-12-24,False,-7.6,,Q2 FY25-26,G11,False,0.69,Amber Electric - ANZ T4H Business 8406,0,classified
2025-12-24,False,-9.9,,Q2 FY25-26,G3,False,0,RMYC Port Hacking - ANZ T4H Business 8406,0,classified
2025-12-24,False,-9.9,Various,Q2 FY25-26,G14,False,0,VISA DEBIT PURCHASE CARD 2794 | RMYC PORT HACKING BURRANEER,100,auto_bas_fy2526
2025-12-24,True,184,,Q2 FY25-26,G3,False,0,Candor Medical refund - ANZ T4H Business 8406,0,manual_reclass_20260323
2025-12-24,False,26.99,,Q2 FY25-26,G14,False,0,APPLE.COM/BILL,0,classified
2025-12-28,False,41.24,,Q2 FY25-26,G14,False,0,LINKEDINPREA *17066464 SYDNEY NSW,0,classified
2025-12-29,False,-32.72,,Q2 FY25-26,G3,False,0,Coles Kirrawee - ANZ T4H Business 8406,0,classified
2025-12-29,False,-27.51,Restaurant,Q2 FY25-26,G14,False,0,VISA DEBIT PURCHASE CARD 2794 | KIRRANA PTY LTD KIRRAWEE,100,auto_bas_fy2526
2025-12-29,False,-3.87,,Q2 FY25-26,G11,False,0.35,Bunnings Kirrawee - ANZ T4H Business 8406,0,classified
2025-12-29,False,-3.87,,Q2 FY25-26,G14,False,0,VISA DEBIT PURCHASE CARD 2794 | BUNNINGS 724000 KIRRAWEE,0,auto_bas_fy2526
2025-12-29,False,-27.51,,Q2 FY25-26,G3,False,0,Kirrana Kirrawee - ANZ T4H Business 8406,0,classified
2025-12-29,True,-38.46,Lovable,Q2 FY25-26,G11,False,3.5,VISA DEBIT PURCHASE CARD 2794 | LOVABLE LOVABLE.DEV,0,classified
2025-12-29,False,-32.72,Coles,Q2 FY25-26,G14,False,0,VISA DEBIT PURCHASE CARD 2794 | COLES 5588 KIRRAWEE,0,auto_bas_fy2526
2025-12-29,False,-82.34,,Q2 FY25-26,G3,False,0,ALDI Kirrawee - ANZ T4H Business 8406,0,classified
2025-12-29,False,-38.46,,Q2 FY25-26,G14,False,0,Lovable Lovable.dev - ANZ T4H Business 8406,0,rdti
2025-12-29,False,-82.34,Aldi,Q2 FY25-26,G14,False,0,VISA DEBIT PURCHASE CARD 2794 | ALDI STORES KIRRAWEE DC,0,auto_bas_fy2526
2025-12-30,False,-30,PayPal,Q2 FY25-26,G14,False,0,EFTPOS | PAYPAL *YOURTOWN SYDNEY AU,0,auto_bas_fy2526
2025-12-30,False,-30,,Q2 FY25-26,G3,False,0,PayPal YourTown - ANZ T4H Business 8406,0,classified
2025-12-31,False,-54.9,,Q2 FY25-26,G11,False,4.99,Bunnings Kirrawee - ANZ T4H Business 8406,0,classified
2025-12-31,False,-8.98,Amazon AU,Q2 FY25-26,G14,False,0,VISA DEBIT PURCHASE CARD 2794 | AMAZON RETA* AMAZON AU SYDNE,100,auto_bas_fy2526
2025-12-31,False,-54.9,,Q2 FY25-26,G14,False,0,VISA DEBIT PURCHASE CARD 2794 | BUNNINGS 724000 KIRRAWEE,0,auto_bas_fy2526
2025-12-31,False,0.06,,Q2 FY25-26,G14,False,0,Credit interest - ANZ T4H Business 8406,0,classified
2025-12-31,False,-8.98,,Q2 FY25-26,G11,False,0.82,Amazon Retail AU - ANZ T4H Business 8406,0,classified
